<?xml version="1.0" encoding="UTF-8"?>
<DOCUMENT>
  <!-- Title of the Plugin -->
  <TITLE>UserCandy Framework</TITLE>
  <!-- Small Description of the Plugin - What does it do? -->
  <DESCRIPTION>UserCandy is a Free Open Source User Management PHP Framework built from the ground up to be Easy and Powerful. </DESCRIPTION>
  <!-- Name of Plugin - This is how it is stored in the DB - No spaces or special characters -->
  <NAME>UserCanyFramework</NAME>
  <!-- Let UserCany Dispenser know that this is a Plugin -->
  <TYPE>framework</TYPE>
  <!-- Folder name where the Plugin is located - Normally same as Name -->
  <FOLDER_LOCATION>UserCandyFramework</FOLDER_LOCATION>
  <!-- Let everyone know who created this Plugin -->
  <AUTHOR>DaVaR</AUTHOR>
  <!-- Current Release Version of this Plugin - Used to let others know when to update -->
  <VERSION>1.0.2</VERSION>
  <!-- Current Version of UserCandy this item works with -->
  <UCVERSION>1.0.2</UCVERSION>
  <!-- Current Release Date of this Plugin -->
  <RELEASE_DATE>12/15/2019</RELEASE_DATE>
  <!-- Plugin Image URL to display with the Plugin in the Dispenser -->
  <IMAGE>https://www.usercandy.com/assets/images/dispensary-pics/usercandy-framework.png</IMAGE>
</DOCUMENT>
