<?xml version="1.0" encoding="UTF-8"?>
<DOCUMENT>
  <!-- Title of the Widget -->
  <TITLE>Members Sidebar</TITLE>
  <!-- Small Description of the Widget - What does it do? -->
  <DESCRIPTION>Sidebar that displays members links.</DESCRIPTION>
  <!-- Name of Widget - This is how it is stored in the DB - No spaces or special characters -->
  <NAME>MembersSidebar</NAME>
  <!-- Let UserCany Dispenser know that this is a Widget -->
  <TYPE>widget</TYPE>
  <!-- Folder name where the Widget is located - Normally same as Name -->
  <FOLDER_LOCATION>MembersSidebar</FOLDER_LOCATION>
  <!-- Let everyone know who created this Widget -->
  <AUTHOR>DaVaR</AUTHOR>
  <!-- Current Release Version of this Widget - Used to let others know when to update -->
  <VERSION>1.0.0</VERSION>
  <!-- Current Release Date of this Widget -->
  <RELEASE_DATE>9/2/2019</RELEASE_DATE>
  <!-- Widget Image URL to display with the Widget in the Dispenser -->
  <IMAGE>https://www.usercandy.com/assets/images/dispensary-pics/widget-memberssidebar.png</IMAGE>
</DOCUMENT>
